arc,cardNumber,edition,sourceFilename,width,height,megapixels,byteCount,format,mode,highResolution,sha256
01,1,color,Card001x4.jpg,4096,6292,25.772,5083741,JPEG,RGB,True,f669fb1b6799af2439d0af47073574d6cecb042ef856bc09f908cc1f73de04eb
01,1,mono,card-001--mono_deck.jpg,4096,6144,25.166,6626809,JPEG,RGB,True,b9b401a32e036f824fbc2c1445962e90199225d4217a2d00e8daf27b64a9c4ce
01,2,color,Card002x4.jpg,4096,6540,26.788,5280502,JPEG,RGB,True,ea99f94fe9a4bf5d2caeba8e22212035e241abe77d800519ad00ff9f9181ab46
01,2,mono,card-002--mono_deck.jpg,4096,6144,25.166,6414526,JPEG,RGB,True,638113a96e9f54f57b80a6cda41cff52f0a1305df86b67b384b9b236d65113e6
01,3,color,Card003x4.jpg,4096,6236,25.543,6327219,JPEG,RGB,True,1691367fb283463946c4f8c5d857fdd9d9afaed784ac565e4ba7f8a835720ce5
01,3,mono,card-003--mono_deck.jpg,4096,6144,25.166,6732728,JPEG,RGB,True,be5234dfed5024727a0c320ac343dfc7279a4ab074f8e651859857854d690d90
01,4,color,Card004x4.jpg,4096,6212,25.444,5194437,JPEG,RGB,True,0338748aa69a419fdd1352ab882e9da697f937a3a6ec44c5f4611c2573ec38a1
01,4,mono,card-004--mono_deck.jpg,4096,6144,25.166,5595288,JPEG,RGB,True,08ffa67a4ff8f531045c092775709d690bb1b0e639440949ff938bc39da1917e
01,5,color,Card005x4.jpg,4096,6244,25.575,4539286,JPEG,RGB,True,f4a5547c8e5c6c8b3f26b4fd19b531d5f234681145e489df6e6b9a0a806d1aba
01,5,mono,card-005--mono_deck.jpg,4096,6144,25.166,5724570,JPEG,RGB,True,af5148e9b77088889159f469e3770d2166baf3eee389add48a12e42ac640c08b
01,6,color,Card006x4.jpg,4096,6188,25.346,3805916,JPEG,RGB,True,67fc3355d5065c0928d189674079b86569be65840fd40b0d429b85b0055e4897
01,6,mono,card-006--mono_deck.jpg,4096,6144,25.166,4828783,JPEG,RGB,True,ec15a8b0eb43be1e998e0b85d177d7c60388bfec726f905fc4e09e93254ac46b
01,7,color,Card007x4.jpg,4096,6224,25.494,4566466,JPEG,RGB,True,adfb9ddc582374c1b1db375c7d9e80efc00b4926e858f03da75bde332582b9e9
01,7,mono,card-007--mono_deck.jpg,4096,6144,25.166,5305902,JPEG,RGB,True,32af4c416307d24e3d11b80fd4f8ef3376969d81c41667e129ff55a3a5625594
01,8,color,Card008x4.jpg,4096,6256,25.625,4032584,JPEG,RGB,True,b71210e3d0862100da366cf5549c9b204de2155ea51eab88ea3b4c36182c9ca0
01,8,mono,card-008--mono_deck.jpg,4096,6144,25.166,6042879,JPEG,RGB,True,45ee44986a896521f0c3d9c7b82ddb527df7fbee0228b8764fa69f45c33e713e
01,9,color,Card009x4.jpg,4096,6216,25.461,4614313,JPEG,RGB,True,dc45ed40321bcb0eebf7b0d9c1888aa219ec863805bd02e20225cc92c13c1d2e
01,9,mono,card-009--mono_deck.jpg,4096,6144,25.166,5764180,JPEG,RGB,True,285c0b51a09551d473b1a46243bc6d756e575ae44d79e75b0126c727396182bb
01,10,color,Card010x4.jpg,4096,6252,25.608,5926221,JPEG,RGB,True,0fbea19a06e7c05a6ebebb36cde06388d39bab0fc5f20ce3bf4a2e7b796566b9
01,10,mono,card-010--mono_deck.jpg,4096,6144,25.166,5067792,JPEG,RGB,True,0a6c9a8e7df0296284e63e4c909bf3b24df1e0e4b0acf5aa25a0d41dd0a6c8d6
01,11,color,Card011x4.jpg,4096,6152,25.199,4329354,JPEG,RGB,True,38247f6a94427735ab749a3bebeb44c23451a12c296e3c29de4ed1e7133f55d2
01,11,mono,card-011--mono_deck.jpg,4096,6144,25.166,6351735,JPEG,RGB,True,40a8e3891881fea8825b46e2aea4f45b79bd3b5b31740df18047f087a7cab2a9
01,12,color,Card012x4.jpg,4096,6244,25.575,4874721,JPEG,RGB,True,97591bf9b2637c9c50057ae3d9653e3e24a52a7076ed8171257c8e3b08e45b06
01,12,mono,card-012--mono_deck.jpg,4096,6144,25.166,6893202,JPEG,RGB,True,7acf3ef6672469468a36901c84fedbf28fc9e0e4dbefd418ad1aa373086bc960
02,13,color,card-013.jpg,4096,6144,25.166,5849881,JPEG,RGB,True,09f3a641e8847b1f0405a916639f95531d9e883c71ea677b47ca80d1c41b614e
02,13,mono,card-013--mono_deck.jpg,4096,6144,25.166,7440454,JPEG,RGB,True,68c941b75d58abbb718c8ad82eb7a4c11d898c5f54d2869c8023736364a006d3
02,14,color,card-014.jpg,4096,6144,25.166,6155154,JPEG,RGB,True,ce525c2fbcb7aa28cbe73a20799c417b2a7475f81eebafb10ed19b49acec4eb7
02,14,mono,card-014--mono_deck.jpg,4096,6144,25.166,5899976,JPEG,RGB,True,5313f1bfcb40f7013781faa9156e2ae4fbd6cc76e707a2fd318638fccbc0de13
02,15,color,card-015.jpg,4096,6144,25.166,7314996,JPEG,RGB,True,be61b722514f2cf5ab3a8baec87f1025c8aa8aa2c69f3fa54b68706209407c04
02,15,mono,card-015--mono_deck.jpg,4096,6144,25.166,4492863,JPEG,RGB,True,a85a0c1cbd7c1b4bebc1f0738035ecc079b3b489ce3b533c8d5ab375c59a6c49
02,16,color,card-016.jpg,4096,6144,25.166,5398089,JPEG,RGB,True,9d314799c17c7ac52dadf9204dbe85288f616d5a93a262957ab460351e230004
02,16,mono,card-016--mono_deck.jpg,4096,6144,25.166,5910657,JPEG,RGB,True,183f03e0122f61dc1b167a6648b57a4d7c25640bc10f9c654c735c68d8a64df0
02,17,color,card-017.jpg,4096,6144,25.166,3896019,JPEG,RGB,True,afae01e2abe3dc27ed3ab495e44ed3f4d8831338c1a733e71987fd81c4dd105a
02,17,mono,card-017--mono_deck.jpg,4096,6144,25.166,8381255,JPEG,RGB,True,28c4176c56b92d76dd88b413e17d4c763f740d6d49ac85b4618da51442219d28
02,18,color,card-018.jpg,4096,6144,25.166,6065567,JPEG,RGB,True,785af066d0c535274f0f846fe5dba153ff9b48e98e125fd0438c9f43e28fcb8f
02,18,mono,card-018--mono_deck.jpg,4096,6144,25.166,5931150,JPEG,RGB,True,7e103e9c7b0a7fc0d46dfd6ecb8bbfc3c2207518cb1a3867033480b893413a92
02,19,color,card-019.jpg,4096,6144,25.166,5789554,JPEG,RGB,True,92e5fdedc40d87731430c70b9a7d388408cc7aa1deb931f760a332eaf16a55d7
02,19,mono,card-019--mono_deck.jpg,4096,6144,25.166,3901868,JPEG,RGB,True,b99963ecee4ff9dc5610d87c0e87c098e8c462853adb60caf67bdd18d7d53d92
02,20,color,card-020.jpg,4096,6144,25.166,6605921,JPEG,RGB,True,0aa4ab1e85d862723c099eb5fe2aad84f490a2744bd0e29b249bd0708ef46158
02,20,mono,card-020--mono_deck.jpg,4096,6144,25.166,4392949,JPEG,RGB,True,b4eabcc987443022aa35fec5012fe038a155156f53fcf2f35b8f44902703361f
02,21,color,card-021.jpg,4096,6144,25.166,4501495,JPEG,RGB,True,10dd9d8bc18277433bc1016129e32ff661a7c9faafced254ba31f5005f29d426
02,21,mono,card-021--mono_deck.jpg,4096,6144,25.166,6733901,JPEG,RGB,True,8fc13497433fbb836b0ca4b5b03b999d7cf84d9a49408d80f0e4bf21660175aa
02,22,color,card-022.jpg,4096,6144,25.166,5746922,JPEG,RGB,True,950ad8518eb29023deab4b2669aceaa1bd480a06bfc35611ae16a78796b1e425
02,22,mono,card-022--mono_deck.jpg,4096,6144,25.166,7324207,JPEG,RGB,True,faf53003be19b0afea0db0e2c195ce6e336fe74d37bd3c66104510d5e0862bee
02,23,color,card-023.jpg,4096,6144,25.166,6610000,JPEG,RGB,True,37f1a7cd6a2d487ee29f297bc877437db83dff5e69822aaf4e3975144449c3cd
02,23,mono,card-023--mono_deck.jpg,4096,6144,25.166,5266283,JPEG,RGB,True,165f2a33a0f12162eda53832ce73e0434e39b7f879c328e820f2f4b044cf1b54
02,24,color,card-024.jpg,4096,6144,25.166,6715444,JPEG,RGB,True,2aefa96798b0d88d2083a65ab3bad126a6c9cc0fd65d8fc1492cd512b6e1654e
02,24,mono,card-024--mono_deck.jpg,4096,6144,25.166,3432308,JPEG,RGB,True,a30f22e37032365f068d92bb8f160c9bf0989f017590c5d1ae1a46c4db5d1eb9
03,25,color,card-025.jpg,4096,6144,25.166,6205231,JPEG,RGB,True,7be2d56cf16bf88caf37d91795e5a1f54caa6493f9a70ae1cbd3a228e26f5e64
03,25,mono,card-025--mono_deck.jpg,4096,6144,25.166,8627979,JPEG,RGB,True,1d24f4bc38b02133591d07f6a654c6f06d4a3c797296eb6c08fd4cbeccf71291
03,26,color,card-026.jpg,4096,6144,25.166,5670652,JPEG,RGB,True,3b6303f4b381db7c438ad2b3cf47085e38c5188d4f1c60abdd0ff1635ee3d622
03,26,mono,card-026--mono_deck.jpg,4096,6144,25.166,4772430,JPEG,RGB,True,f6a33758254b83c03d3af3b7c33d676e173f4f31baa672e159882ef61916288a
03,27,color,card-027.jpg,4096,6144,25.166,5424984,JPEG,RGB,True,2d8fe67aefee30a16c9081f281e47421c62de906942bfad7b808257b1f7fda62
03,27,mono,card-027--mono_deck.jpg,4096,6144,25.166,4173035,JPEG,RGB,True,01d66296c505be54f74d8fc8255812a0642cb17a86df6a924b0a602de4b53ccc
03,28,color,card-028.jpg,4096,6144,25.166,5104608,JPEG,RGB,True,cd0a8a7ecc61e86f53d8edd52757402fd8ce28aeae21c4cdc2c80fc89337b9d6
03,28,mono,card-028--mono_deck.jpg,4096,6144,25.166,6944021,JPEG,RGB,True,c10206b5010399cec6f22af8724775a0667f3028374e688f497958e1c1d1eb17
03,29,color,card-029.jpg,4096,6144,25.166,4635896,JPEG,RGB,True,c7d8473034d5b4b50faa1e5194e37f1b03b3b1ccb1858c0e3d8663d9982f0cad
03,29,mono,card-029--mono_deck.jpg,4096,6144,25.166,5495470,JPEG,RGB,True,2c3c75cbc927b45229d44ab343d87c3ebad8a051c0cdb0392b675d197157417f
03,30,color,card-030.jpg,4096,6144,25.166,4364394,JPEG,RGB,True,84f7e8d3f80ca8ea11b4a9eaf78036ed49d43335cffa03fc660b81448af772f8
03,30,mono,card-030--mono_deck.jpg,4096,6144,25.166,5368023,JPEG,RGB,True,8762455eca080b9769b436a3405b81e31725661f17fab7059273812d3fa08637
03,31,color,card-031.jpg,4096,6144,25.166,6173770,JPEG,RGB,True,47d598d971f2db18e70adab57770e096111ba94fd62542a4ebc3b1f190449e03
03,31,mono,card-031--mono_deck.jpg,4096,6144,25.166,4998875,JPEG,RGB,True,cd2cf21e6e1863247fd6d8c4119fd3da40b4ffdad5079be57908c257954de38a
03,32,color,card-032.jpg,4096,6144,25.166,5696923,JPEG,RGB,True,3ec98c22b4a7a3c84019a8cd8773ab7c88a5373a023cc0db261d4e7b4e50b66f
03,32,mono,card-032--mono_deck.jpg,4096,6144,25.166,5658631,JPEG,RGB,True,7fb8786a4b30beeb92332350b074c1f4c65ac3cc4617db17005a28ed9c36aa28
03,33,color,card-033.jpg,4096,6144,25.166,5274087,JPEG,RGB,True,142464cab422cf65b33506aaa68c5bf0fe2b9f4de919b953327f68a0934fa4ea
03,33,mono,card-033--mono_deck.jpg,4096,6144,25.166,4402721,JPEG,RGB,True,4bf5268395782c152c184cd0a2cc1ebeb75836653312f8ac842f164148a3fb4f
03,34,color,card-034.jpg,4096,6144,25.166,4112519,JPEG,RGB,True,dafe54bf114fcc711ef9892f0ee7ee8b18510bc34b2a0e646541bbc666f88db2
03,34,mono,card-034--mono_deck.jpg,4096,6144,25.166,6814984,JPEG,RGB,True,adf92cc95f0be2e9c23c3cb4ace6535a1f0ea62926a07f49255ab1beae74f8d5
03,35,color,card-035.jpg,4096,6144,25.166,4691101,JPEG,RGB,True,1853fd922bc75e71db38bc086fe718bc17f734290f4895be28245970678997a6
03,35,mono,card-035--mono_deck.jpg,4096,6144,25.166,3056357,JPEG,RGB,True,347512275db433e09b749f180f908e035ddd60df7c506a6c687fd1f445aa92e6
03,36,color,card-036.jpg,4096,6144,25.166,4680461,JPEG,RGB,True,80c493123a071bd52213cfa9b5189becb2b21b73b5bcd2c271d6e1d18f117e1c
03,36,mono,card-036--mono_deck.jpg,4096,6144,25.166,4697847,JPEG,RGB,True,7d97766c6d225fc194902917eccd5753d9378eb5c54e02d156e1f78e3922ed6d
04,37,color,card-037.jpg,4096,6144,25.166,6181447,JPEG,RGB,True,6b3dbb63527adee2ea9e930a9890f9aedc97214cce7cdf881e94aead7522c56c
04,37,mono,card-037--mono_deck.jpg,4096,6144,25.166,3314212,JPEG,RGB,True,1ecabbe2cca4ed1190d6a4c0ca8ec3cb8bec464f5ece5f1e26cb32d1121aaf4d
04,38,color,card-038.jpg,4096,6144,25.166,5445738,JPEG,RGB,True,821bdbf78c9a69531427bbb4c4b968458cc6e29c1fefce1ec27587f582f7434d
04,38,mono,card-038--mono_deck.jpg,4096,6144,25.166,4489417,JPEG,RGB,True,cc3effc123ceb142b82c32f17153a1b855846e7e59b3afcd3887363ee17890c7
04,39,color,card-039.jpg,4096,6144,25.166,5951092,JPEG,RGB,True,8e5e394e6368db5c8e62265c85f9e146af3239edc6cc8e5805daa488c12de621
04,39,mono,card-039--mono_deck.jpg,4096,6144,25.166,3912501,JPEG,RGB,True,d329f9b6a89e6f13ce9568fcc1c44b51001c330df66721b0e92a2d34bc706bf5
04,40,color,card-040.jpg,4096,6144,25.166,5923019,JPEG,RGB,True,9b469f93d64f915c960042fc276392882478eb4d94e591ef04a0221edacdf729
04,40,mono,card-040--mono_deck.jpg,4096,6144,25.166,7648882,JPEG,RGB,True,b9732cbff5f53fc17e6b97b0e64ec5fa323729eb1774c9f31f03abfb7732c367
04,41,color,card-041.jpg,4096,6144,25.166,6598546,JPEG,RGB,True,8d6e322ec989e346bbc5844d5b308e568ec69478bb47d7ea00ad4e100a7e5a30
04,41,mono,card-041--mono_deck.jpg,4096,6144,25.166,4149766,JPEG,RGB,True,be846fc51cd402850cf784642a2d0ec122ba8a4cda3f2cae7544142dd1f721e8
04,42,color,card-042.jpg,4096,6144,25.166,5410967,JPEG,RGB,True,2152317f93fb2f931864bae9f4e04a6b8dc0de529c7ac4b5ff803cb66d06e739
04,42,mono,card-042--mono_deck.jpg,4096,6144,25.166,5482724,JPEG,RGB,True,44cb4b4e391269660202f78a94d461dd4c0d96caec65b412b9c1953bb3cc9030
04,43,color,card-043.jpg,4096,6144,25.166,6325137,JPEG,RGB,True,0571a2c0080fa62552068e0fb813c8618253a603af0866273192e44259012bf3
04,43,mono,card-043--mono_deck.jpg,4096,6144,25.166,5592555,JPEG,RGB,True,0673d61360ff34436a16f86a265b5ffa5ba05c53d26e1ff5129e131aafd35b4b
04,44,color,card-044.jpg,4096,6144,25.166,6714446,JPEG,RGB,True,4095eac2a190ec42dea74ba9ed9918c6e7d568308f2d299ed79f1dde6c19013e
04,44,mono,card-044--mono_deck.jpg,4096,6144,25.166,6295281,JPEG,RGB,True,21393111ebabf0616630780347357397044683d8899909e7b6547275bc4d8f02
04,45,color,card-045.jpg,4096,6144,25.166,6181403,JPEG,RGB,True,8cd6632dd48f59dccc71309deee10e18ca8d886ac0e4f05b243cddbe773d547f
04,45,mono,card-045--mono_deck.jpg,4096,6144,25.166,5917321,JPEG,RGB,True,9890d6ca95d4416d43bbaac5d92ef5a1b3b29d18170a6444d0c72165a696a0b4
04,46,color,card-046.jpg,4096,6144,25.166,5276301,JPEG,RGB,True,d45bca85d61759766703be0f96d32a12819b4ccdb1d3d98160de11bf94b3268c
04,46,mono,card-046--mono_deck.jpg,4096,6144,25.166,6656094,JPEG,RGB,True,a1bb320ecd634f5ee28b611d94876f759e5a372993ffd5f9fb9e2b9c17b38dc0
04,47,color,card-047.jpg,4096,6144,25.166,6863339,JPEG,RGB,True,d08070e042cc816e4b056b39322eab61660b520acad23f5db9405f39286f25f2
04,47,mono,card-047--mono_deck.jpg,4096,6144,25.166,7320656,JPEG,RGB,True,256e9ef55f84f398f7d78b3a8ed450e2fdb639f568954b4d4a5451471a1eaf96
04,48,color,card-048.jpg,4096,6144,25.166,5649121,JPEG,RGB,True,5b6013776d971a1a8c4c64ddaaf160bcee999967114f35585d6709c65841df7e
04,48,mono,card-048--mono_deck.jpg,4096,6144,25.166,5133483,JPEG,RGB,True,76f5c0ad6a43179944105e2081d6fdd20adf1c2085da699273f38efdc769684b
05,49,color,card-049.jpg,4096,6144,25.166,7259903,JPEG,RGB,True,31c59dc9b350b4b2ee9d53c11fd6880deaecb2b4a3ae88df08bfcce20963692a
05,49,mono,card-049--mono_deck.jpg,4096,6144,25.166,2605645,JPEG,RGB,True,3be5bfea6529f7d80d4a7e641bd1ef90a72d67a40799e73e3ffa81c28cabbbf2
05,50,color,card-050.jpg,4096,6144,25.166,5462128,JPEG,RGB,True,09f668dd3732fc87a5d268324ef4500d08fb24a880593d6ca272d4af15e48756
05,50,mono,card-050--mono_deck.jpg,4096,6144,25.166,7101334,JPEG,RGB,True,5c38dd93cecfce981fca08be3bf42f1380280415abdb47c58128eba5eb645925
05,51,color,card-051.jpg,4096,6144,25.166,5519079,JPEG,RGB,True,f54c403fe92c671a6903375ff6779b02595c87c395bdcd1254c72a1649537c43
05,51,mono,card-051--mono_deck.jpg,4096,6144,25.166,4340660,JPEG,RGB,True,9745a0d95cce52b3c6df1819548fe721d5cfa1fa0feaebc4115574e06b1f7eb8
05,52,color,card-052.jpg,4096,6144,25.166,6137285,JPEG,RGB,True,3b27d70f90a59f5a4a7440b7591cdd306d40d27c1aeb1973fc5e6436cc1a4d38
05,52,mono,card-052--mono_deck.jpg,4096,6144,25.166,3054083,JPEG,RGB,True,49f6db119d5884b8f6d45eb057b267e99d801053faedba4e1847f67b6130b4b1
05,53,color,card-053.jpg,4096,6144,25.166,6383171,JPEG,RGB,True,35f82ca6567edaa8ca50770d7073754e7d80c984af2cbf0bbbff8fd58c634ed2
05,53,mono,card-053--mono_deck.jpg,4096,6144,25.166,8104370,JPEG,RGB,True,52384099f37800878e533e74021f8c0969845a86d67e52615e5562d35f843fc1
05,54,color,card-054.jpg,4096,6144,25.166,7434563,JPEG,RGB,True,ea6e4afa96395bdd5cec0f836a2eda613b2897a78d4d6f194f37e73932a65295
05,54,mono,card-054--mono_deck.jpg,4096,6144,25.166,6970020,JPEG,RGB,True,7ded1062723b65af7be25f22fcff5341204a28a1940f8934bc6f15a8c874e8b3
05,55,color,card-055.jpg,4096,6144,25.166,5827998,JPEG,RGB,True,ce572ed08a0ec37afb3af11f65e214bbdd97b85b956b5b1fe57d94a9c749d753
05,55,mono,card-055--mono_deck.jpg,4096,6144,25.166,3718600,JPEG,RGB,True,162d54e08684628587aed5cbedde13a0fb4fd66c24541379c7da12c4ed43ca43
05,56,color,card-056.jpg,4096,6144,25.166,7177242,JPEG,RGB,True,0edbfc9d1f4d87dc5782ec4bff304bbf774465ffa2c92c488702e5274469a3f0
05,56,mono,card-056--mono_deck.jpg,4096,6144,25.166,8017918,JPEG,RGB,True,7582ca4617931034cf12a0112a6f584106ce5a387a51b19beccbf1a5a49e35fb
05,57,color,card-057.jpg,4096,6144,25.166,6537330,JPEG,RGB,True,3cbda7e7fd37fac17184b2b5281305105d31321895c305a10b45a3ae1d156058
05,57,mono,card-057--mono_deck.jpg,4096,6144,25.166,4961391,JPEG,RGB,True,a00d4fb5f0bdc09160b4341e7610c4135debfa70175d12cd1c67fa911dea6268
05,58,color,card-058.jpg,4096,6144,25.166,6044630,JPEG,RGB,True,c21f75fd27f7c423586c62e09964aa4a0a5df2a96ebd4254b6d9d4fd60ccfaae
05,58,mono,card-058--mono_deck.jpg,4096,6144,25.166,8028729,JPEG,RGB,True,65f6b80074f18e73f7588f75e5bceb191c813401225a9737630ecfa45221e3ae
05,59,color,card-059.jpg,4096,6144,25.166,7310990,JPEG,RGB,True,6f4b24ba798a1cc4fe3dbd4c74d27fbb6661d3a638d5f2a6136291440603fdd6
05,59,mono,card-059--mono_deck.jpg,4096,6144,25.166,7807730,JPEG,RGB,True,89c99ae90f325c41c1937e5510e2bfde149a1fbb4c6e77e2ea7b2077f7cadb28
05,60,color,card-060.jpg,4096,6144,25.166,5791293,JPEG,RGB,True,f62de73504e74d843568537fce97139c2c7b4863f260d8b4de7ca6b035afa468
05,60,mono,card-060--mono_deck.jpg,4096,6144,25.166,6552145,JPEG,RGB,True,77b4bdbc9f902959e49a16800b0288cfb72a0804ceba0321bc6b16be9f8eee5b
06,61,color,card-061.jpg,4096,6144,25.166,6264356,JPEG,RGB,True,a9cc359d4116b5dd8b37d25746921eaf146aecda0cec2b3ba9c720338bf35e55
06,61,mono,card-061--mono_deck.jpg,4096,6144,25.166,4809366,JPEG,RGB,True,ba0ab597f1ff9291cfadd90fbb822129aa3c079e4b2127a7dc5a6bd1afc73e36
06,62,color,card-062.jpg,4096,6144,25.166,5689655,JPEG,RGB,True,8626e6d1cceb40bbaab3ba6593fed124cc76f5306e400be81d870099e43f5d56
06,62,mono,card-062--mono_deck.jpg,4096,6144,25.166,4007076,JPEG,RGB,True,fe65ecf3a88ce428e8fc00c736a4ee8b8ea44e40c3197fc396f7ef60046efa11
06,63,color,card-063.jpg,4096,6144,25.166,7046881,JPEG,RGB,True,7873398aee606d3a98f6e8107f88594f2b57722d57f30e6ed1a80e8957084675
06,63,mono,card-063--mono_deck.jpg,4096,6144,25.166,6474297,JPEG,RGB,True,11776791b5c3a7bc79bc63aeb904d95b152a5078aeb94e843e3b084c69550393
06,64,color,card-064.jpg,4096,6144,25.166,6003499,JPEG,RGB,True,e89a786ad2f59fc364f8754db4e4b5ea184b7a6b69e2c274f746a13bd36b747a
06,64,mono,card-064--mono_deck.jpg,4096,6144,25.166,3951710,JPEG,RGB,True,fb28f809235dfbc5e200e5df4b74fec5bbd0b0e50a36e29ddf7f81dff5c6ac44
06,65,color,card-065.jpg,4096,6144,25.166,5781448,JPEG,RGB,True,7bd19dc5a4530121af298956338c56e0040cf0a11fe2c641c8ee7442e97edbce
06,65,mono,card-065--mono_deck.jpg,4096,6144,25.166,7215447,JPEG,RGB,True,0f1993c0471a29f1c98a344a8635a9647cce5401808b86b4ecd6243580bd3310
06,66,color,card-066.jpg,4096,6144,25.166,5477483,JPEG,RGB,True,45369fce7391d698ea045b894b83614ff670b8b705927ada40ffcedbfa6d4a2f
06,66,mono,card-066--mono_deck.jpg,4096,6144,25.166,3290971,JPEG,RGB,True,5fcfa270082e7d6d2a3c21d521760dbccfbe47436bc37bd535bdd7d7f76c908f
06,67,color,card-067.jpg,4096,6144,25.166,6196763,JPEG,RGB,True,200670217d59589cc7980d26dc46ca807a89ae0b940f7dbe6dbce881c0255322
06,67,mono,card-067--mono_deck.jpg,4096,6144,25.166,8401791,JPEG,RGB,True,0de3230761d8af35192e52b29b8ac54a7b3c81d7204d0813ec23923f28e3965d
06,68,color,card-068.jpg,4096,6144,25.166,5155982,JPEG,RGB,True,7f6c62a9f98c593382a518ad7e2484786c0db06b74ca207bcd128c7a02fb16e7
06,68,mono,card-068--mono_deck.jpg,4096,6144,25.166,5299043,JPEG,RGB,True,b5c8177fb657a4c8af08cf61f5d494abee03ccb19431a05c7d13d4c707dc9c18
06,69,color,card-069.jpg,4096,6144,25.166,6501031,JPEG,RGB,True,e9a6e6d8ac76cf58341674dd594e5ddb8c5a27dbc583aa0b35f08ca54a0ab6cb
06,69,mono,card-069--mono_deck.jpg,4096,6144,25.166,8389316,JPEG,RGB,True,84ddcf677f0a57360d5332d0b16931434091018e4616d3fb17473a94ec2dfe31
06,70,color,card-070.jpg,4096,6144,25.166,6824419,JPEG,RGB,True,053568eea6f72a26f989c4ea3d7bf3afa54435483afa7e743a05752ee04a1631
06,70,mono,card-070--mono_deck.jpg,4096,6144,25.166,7458741,JPEG,RGB,True,df01621d44f92f5e598de5e7929e6ee7ca172468ddad34ddf73fdd94aac306c0
06,71,color,card-071.jpg,4096,6144,25.166,6032640,JPEG,RGB,True,88a9cc27af8e5787be95d149ce9d26920c8eb7f65613682c50e656799078053a
06,71,mono,card-071--mono_deck.jpg,4096,6144,25.166,5911857,JPEG,RGB,True,cc5dcd833f4f00453e61e152c4c4827f4e92593e8a0389e7e6205369df494619
06,72,color,card-072.jpg,4096,6144,25.166,5385251,JPEG,RGB,True,cce9d204ce178d6467eb3a9f17e4ca7058ed67be5c26425b4b6cdc85b22f70c8
06,72,mono,card-072--mono_deck.jpg,4096,6144,25.166,7763700,JPEG,RGB,True,88e10e46502b72fab9318261637aa808eddcb89fe3bb2bc9a30340f6ce6b0e57
07,73,color,card-073.jpg,4096,6144,25.166,5044657,JPEG,RGB,True,5a5d523d753df4a66536992453937eea891cab20498418b7121cfc3709426b8a
07,73,mono,card-073--mono_deck.jpg,4096,6144,25.166,5074471,JPEG,RGB,True,0332414ab2944e07a98bb540104b196e399117482ee93aa2e3b8f5cc94c3bcb6
07,74,color,card-074.jpg,4096,6144,25.166,4887611,JPEG,RGB,True,7b5adcb7dedb90e26f02c12d5efa31d36ac549b3cc44811cdaa67d9779ab5caf
07,74,mono,card-074--mono_deck.jpg,4096,6144,25.166,5625797,JPEG,RGB,True,efbfe7373934b4d6037fd6a869b5575f47b2f5b3f33847d8d6c4386fffb70ade
07,75,color,card-075.jpg,4096,6144,25.166,5886874,JPEG,RGB,True,a30e8c65d389a6a103375ae5b0840dd341be5d480b98d1abeebe6b2be8d70667
07,75,mono,card-075--mono_deck.jpg,4096,6144,25.166,5703011,JPEG,RGB,True,59d83d4a9a8aab7487b8c4ec5a01f6316bf01f21bd5b9e51b2543c90d9babeb8
07,76,color,card-076.jpg,4096,6144,25.166,6014704,JPEG,RGB,True,d5c481dc8f70bf24fb9a091c08f2eee27f028b3d2954742ab9cd8d743068bf14
07,76,mono,card-076--mono_deck.jpg,4096,6144,25.166,6064581,JPEG,RGB,True,c8d7942f7f286d0928ac4d78e9415fc29ce1ef796945f822691e9826800c8b56
07,77,color,card-077.jpg,4096,6144,25.166,6052385,JPEG,RGB,True,ee5d3363ea8832a6e9f41e63159c906fabd011e0014b5c0c93ead2eaae9ab197
07,77,mono,card-077--mono_deck.jpg,4096,6144,25.166,7456744,JPEG,RGB,True,3257d931c73f16a88367cf73eb9eb7df94195b4275f20da563a9d4c72eacab47
07,78,color,card-078.jpg,4096,6144,25.166,6937080,JPEG,RGB,True,4241a5e54d2b0c53ccd921b02db419aca13dd0a90f27fcc728520c1f010c61dc
07,78,mono,card-078--mono_deck.jpg,4096,6144,25.166,5945202,JPEG,RGB,True,0da131786330e66df3fd4211cd13e0c7b46782b043a3235d29b6f44535b26416
07,79,color,card-079.jpg,4096,6144,25.166,6365570,JPEG,RGB,True,3e136ce7bd2f57caa69f5fca81bff7b9c168014cda5b5a409c3f70fde95761cf
07,79,mono,card-079--mono_deck.jpg,4096,6144,25.166,4624909,JPEG,RGB,True,643e72f290df1c9ad6de51c7725ee287aa17957c0bc1b6c8d47b059daf240a71
07,80,color,card-080.jpg,4096,6144,25.166,6336230,JPEG,RGB,True,4e91c1d9cc31ff1889332f63972b4af3bb21fedb3c187598ca5b70fd28d95e21
07,80,mono,card-080--mono_deck.jpg,4096,6144,25.166,7019126,JPEG,RGB,True,e3ff3c99a816aa1ef7728ce0ef0022175c57f8eeace11f45688e80c6e118fa05
07,81,color,card-081.jpg,4096,6144,25.166,6355364,JPEG,RGB,True,2fccdd57656aceeba29f60ef82618af9f29054d37ea0e43e287dd05d00b92199
07,81,mono,card-081--mono_deck.jpg,4096,6144,25.166,6687727,JPEG,RGB,True,28578806c4e66dd65547cd246cfdc5bdc58a4527e7a6986043ec91b6057882c6
07,82,color,card-082.jpg,4096,6144,25.166,5498269,JPEG,RGB,True,71082e270a0239fa62d48230347f3b8a33422aeb41399881b870ce917c79ba64
07,82,mono,card-082--mono_deck.jpg,4096,6144,25.166,7256656,JPEG,RGB,True,92953ed76b52dbf4e11fa09978b3ebf0270b3c2a2107288572fdda95d8c6df1d
07,83,color,card-083.jpg,4096,6144,25.166,6291140,JPEG,RGB,True,8d9641a35e1aba6beb8512090f1f3d11d10c2e7b5f072b808e76718582c7455d
07,83,mono,card-083--mono_deck.jpg,4096,6144,25.166,5079055,JPEG,RGB,True,c8369d72b79cf9ffeb8775269488fbf867107e8aecb67d12cd3ccab0d5debe1d
07,84,color,card-084.jpg,4096,6144,25.166,6785450,JPEG,RGB,True,2516f253d126b070cb1205ef60e0f2fe40665f04e7da013e48c2864dcd01fae4
07,84,mono,card-084--mono_deck.jpg,4096,6144,25.166,6585626,JPEG,RGB,True,5fba53a550553e3364d6de56119928f4f410e3078cb65bad65da4d33d58befe1
08,85,color,card-085.jpg,4096,6144,25.166,6152744,JPEG,RGB,True,63f28f6e73730c7684fe92ecdcfc4b70062f21161ce71f0137db5f77f802310f
08,85,mono,card-085--mono_deck.jpg,4096,6144,25.166,5245400,JPEG,RGB,True,ceafbc9c6333cafb132c71672f3b66584a73140216c5e071ce9046f7024bc836
08,86,color,card-086.jpg,4096,6144,25.166,4639972,JPEG,RGB,True,bc4bc419d52f5c435d74bce1c81fdeb83355d7c13b189d51fc83083bb654913e
08,86,mono,card-086--mono_deck.jpg,4096,6144,25.166,6874007,JPEG,RGB,True,3c023a8870aabd8beae90e45a9eeb1ae5f29702795972b5c42d07688e743f4d7
08,87,color,card-087.jpg,4096,6144,25.166,6540281,JPEG,RGB,True,29a3eb9c2aeb702f9ff588b9f31a60efe226ed0abea1411221e0a27740d74117
08,87,mono,card-087--mono_deck.jpg,4096,6144,25.166,4823898,JPEG,RGB,True,ba8f5796de0219e02ddd910f0d8a7072459aa10f4d677b347b878a9f75e98760
08,88,color,card-088.jpg,4096,6144,25.166,7000465,JPEG,RGB,True,c3dff38cf39046d14c80cef7753276fe656e1fa2600f38777f16c0a1f62a146b
08,88,mono,card-088--mono_deck.jpg,4096,6144,25.166,5937695,JPEG,RGB,True,2e120da9d446a4a533614aaab4cd9e43554f62242eb9b11b671f46d07b3ae450
08,89,color,card-089.jpg,4096,6144,25.166,5879973,JPEG,RGB,True,6628f7d3307d5d3d4400e91773fb46b2c425a07c569f60ebed82e074339b2978
08,89,mono,card-089--mono_deck.jpg,4096,6144,25.166,6756026,JPEG,RGB,True,e7c52e61c71403b51eb15aa0faa56c36d0371fa9fcb5374b7f27aabeea977695
08,90,color,card-090.jpg,4096,6144,25.166,5610804,JPEG,RGB,True,cc4450c49462083a9f2b9d2f455a18b919d71847957d6842e9a4d21da8964c5e
08,90,mono,card-090--mono_deck.jpg,4096,6144,25.166,5319338,JPEG,RGB,True,cfff8805a4fc8518271a53b9744541580b48e8ee88e0d46cbc42bf2df42adca9
08,91,color,card-091.jpg,4096,6144,25.166,5869058,JPEG,RGB,True,51ca9397785e2fcb7d62fbdc7a10dbeaa1da83f5cc0d31666617f64221ec9576
08,91,mono,card-091--mono_deck.jpg,4096,6144,25.166,4346972,JPEG,RGB,True,fcec88d58dadad50bbaec81219972af79088e542d02d4707114fdd628722a77f
08,92,color,card-092.jpg,4096,6144,25.166,6023204,JPEG,RGB,True,a13d8eb6d1411391245745c3ae77285cab466d2eb03b1c071388eecbf4469695
08,92,mono,card-092--mono_deck.jpg,4096,6144,25.166,4442001,JPEG,RGB,True,e41c4f24736437d87810e13e08380773d7555a36cb2e0f0af5efbc493950c225
08,93,color,card-093.jpg,4096,6144,25.166,6276112,JPEG,RGB,True,94b62adaf14327702da56b387794065d298ec1972d1c5bc6c9ea221fbc0d439c
08,93,mono,card-093--mono_deck.jpg,4096,6144,25.166,7670023,JPEG,RGB,True,fed63db668a9c0002a078e3b2d74816c344d3e380e4409d1564c359a46e8fd0a
08,94,color,card-094.jpg,4096,6144,25.166,5688726,JPEG,RGB,True,863e255ffdf9693b55904cd7bb8e46fc2ebe0f14022c193511955ad53e7c1d4d
08,94,mono,card-094--mono_deck.jpg,4096,6144,25.166,5646156,JPEG,RGB,True,6190ce1f25a42d51e4a77a45e12bd40ea21cbd168e7e9d35d57728d1d4ed5678
08,95,color,card-095.jpg,4096,6144,25.166,4908923,JPEG,RGB,True,fc4e29e37db06ce00b2914943cbb69a551f5896983eafa9e053221660703fe5a
08,95,mono,card-095--mono_deck.jpg,4096,6144,25.166,5334252,JPEG,RGB,True,54afaf8d95dac5b70ed89cc18e49b6cc4d6cb49f7df1b26b0a6fd5596fb692d5
08,96,color,card-096.jpg,4096,6144,25.166,6433462,JPEG,RGB,True,dcbb259844eb794f5f24131a1baf4ee95a6937ba249e5e32172905bb4a1acd4c
08,96,mono,card-096--mono_deck.jpg,4096,6144,25.166,5759632,JPEG,RGB,True,979b9554a6dc7b760947a5e850c4418d7e7f29cb78754df2132fa5766d4fd280
09,97,color,card-097.jpg,4096,6144,25.166,5266344,JPEG,RGB,True,d0f2194c4ca014272e5d5e41e120b55148832d54f28cad8a5b30bbc33c2def6f
09,97,mono,card-097--mono_deck.jpg,4096,6144,25.166,3362079,JPEG,RGB,True,0aae1175445ddf7ed7574b85624eb5e53c66bede36e4fa2adfa2ab0c8f510990
09,98,color,card-098.jpg,4096,6144,25.166,6270069,JPEG,RGB,True,b134f0866f8d2b8b4caace6cf74fce623d8f8990baa90e4382d083fd581c07b1
09,98,mono,card-098--mono_deck.jpg,4096,6144,25.166,4703022,JPEG,RGB,True,208937dab442516c5f434cb117b5b1e1053936680dcda6d1621d0199bf1f82c8
09,99,color,card-099.jpg,4096,6144,25.166,6075182,JPEG,RGB,True,14c6a2adc78c3871b7afb0a5011953a8861bbb4bb93c00df8bbdcca712c1bcd2
09,99,mono,card-099--mono_deck.jpg,4096,6144,25.166,4350375,JPEG,RGB,True,78eef6244ea4d875cd2ee446b3d0e281fc5f22e71e1d42c9a2ed7464c0368a25
09,100,color,card-100.jpg,4096,6144,25.166,5997164,JPEG,RGB,True,55729246e9c546f6d0f8d7fb2649c7459ce0404a12f34b82a7c1d1171fe53cef
09,100,mono,card-100--mono_deck.jpg,4096,6144,25.166,6220799,JPEG,RGB,True,547dc581d24437bf88ccac568ca3ef4dda591b41b8a9440406209a1cfdbf1923
09,101,color,card-101.jpg,4096,6144,25.166,5530943,JPEG,RGB,True,842c333fa82dfaec127c268f0bd8371c0bc43f9eda8f08a80edc779375c461c2
09,101,mono,card-101--mono_deck.jpg,4096,6144,25.166,7510002,JPEG,RGB,True,7236f0458c643698d7ae3adf8ce9d5bc66ea8157db180ecb0da6d1d74bbd25f1
09,102,color,card-102.jpg,4096,6144,25.166,6902423,JPEG,RGB,True,5855eb5507122d3a4f2d6949d599e3ecec8b55776998ef909ef94c69e42e6907
09,102,mono,card-102--mono_deck.jpg,4096,6144,25.166,7080207,JPEG,RGB,True,93c888f2ee96056233bb14f13b558683d30272701ef78fa35abbdca1d461689d
09,103,color,card-103.jpg,4096,6144,25.166,6601846,JPEG,RGB,True,ce2618b5dc1dbaac43600c7b33ae63c0af75cd11ae9d42c95022b6a999e3d9c8
09,103,mono,card-103--mono_deck.jpg,4096,6144,25.166,5570429,JPEG,RGB,True,90cb77e0721fe31baac5b45b6b63dfa20acd4e9594c7f97d00ae9ea0fd69a69c
09,104,color,card-104.jpg,4096,6144,25.166,5437433,JPEG,RGB,True,e0752f3b3671227363d9aa1e5f7fe285ae2d036f5d030d8a3205ebb2374e52cc
09,104,mono,card-104--mono_deck.jpg,4096,6144,25.166,6052683,JPEG,RGB,True,2a5b2f73b4d2de51692c464d11a1c1ed9d6d19606c96e8110bb6e69c7c36b901
09,105,color,card-105.jpg,4096,6144,25.166,6013669,JPEG,RGB,True,8ce31348d8c4d04a478842222cf21b2d382be373854cee816dcd7127607ef652
09,105,mono,card-105--mono_deck.jpg,4096,6144,25.166,6394903,JPEG,RGB,True,65c6d127265227e79d7e577377c2a3252b81185143fa93462c831fa557e351bc
09,106,color,card-106.jpg,4096,6144,25.166,5229924,JPEG,RGB,True,76e0bbb32a145b35aa301ef9bfe0f684dfe8179648823e4e1a553cae49c96848
09,106,mono,card-106--mono_deck.jpg,4096,6144,25.166,4273261,JPEG,RGB,True,603169aff33b3f9b689d5c333367d9132d7f4fcf8551d792154dbdb8b715b07f
09,107,color,card-107.jpg,4096,6144,25.166,5993418,JPEG,RGB,True,d361ff310b3407e2b862b70dbc08a941720a775f789cd7ad860ec9f6741ba86c
09,107,mono,card-107--mono_deck.jpg,4096,6144,25.166,5643914,JPEG,RGB,True,2c1914ab0a054a0b2302413c3f3d94994f5f87859e18a416e6536f5bc32e4829
09,108,color,card-108.jpg,4096,6144,25.166,6193572,JPEG,RGB,True,f1714ac52ec5f36faaec6a6ef5a7747abc4a32baef57f536a3f409cbe51b7e6e
09,108,mono,card-108--mono_deck.jpg,4096,6144,25.166,6721566,JPEG,RGB,True,9f03652f445e782c53e7298ab91e925519670f6b8da1ae5eeaa23cdf6f335b41
10,109,color,card-109.jpg,4096,6144,25.166,5282729,JPEG,RGB,True,c5897f3c0a6b366bbbf089011e151fa5e7d255471522c054efdf34cdf9e74ad9
10,109,mono,card-109--mono_deck.jpg,4096,6144,25.166,6551013,JPEG,RGB,True,438daa89eb61446ef545ebac9d72a3ecc6b912688d4a01878931975fc9155bce
10,110,color,card-110.jpg,4096,6144,25.166,5627796,JPEG,RGB,True,ddf3f9865d6c1ab43f47bbfb2c3ecf6557ce893b58cedf9c3f6a6613cf5fc77b
10,110,mono,card-110--mono_deck.jpg,4096,6144,25.166,5561330,JPEG,RGB,True,7a4edfba5e924a5c1b99a6e324bfa4ce568782337ae46faac08e13b50c448b4e
10,111,color,card-111.jpg,4096,6144,25.166,5497604,JPEG,RGB,True,8ce7c815822f4a9255b22a94f24bdac0d382813516342430a353cc6bf1d71b33
10,111,mono,card-111--mono_deck.jpg,4096,6144,25.166,5667091,JPEG,RGB,True,1d3d8ae77223555bef41290a0a587cdf17eb208b5db272d6989fb98a6229a35e
10,112,color,card-112.jpg,4096,6144,25.166,5205993,JPEG,RGB,True,a688144f654ea734640a5be88f276e6065545e826d6f8fe4bb75fa0aaf0f3df5
10,112,mono,card-112--mono_deck.jpg,4096,6144,25.166,5195629,JPEG,RGB,True,983dc5a2b233b9ab43d60cbf4a7107111781b3278a1675cc7065a26f597fdd0a
10,113,color,card-113.jpg,4096,6144,25.166,6292366,JPEG,RGB,True,ce803dffcaa6a90b5b98321c1e424bcd4f389571d6ee0d8c4f551e0947f16e4e
10,113,mono,card-113--mono_deck.jpg,4096,6144,25.166,6537410,JPEG,RGB,True,fc23822333361339067a2b368ac439a1b7159d34e466b9e9ed849d7ce9c99f18
10,114,color,card-114.jpg,4096,6144,25.166,6397279,JPEG,RGB,True,b34ee90d43d6d5b86e5d7b22515abba5708f9a26b3f237f71322b3953e88d3df
10,114,mono,card-114--mono_deck.jpg,4096,6144,25.166,4650125,JPEG,RGB,True,90232abab4f89e64bbec61315f09f6af392caf4a09291153fa452d88166118b4
10,115,color,card-115.jpg,4096,6144,25.166,5329731,JPEG,RGB,True,5ffcf7bf6012caadd4233cefa210495968453e746f7fab923445c7733419c0e1
10,115,mono,card-115--mono_deck.jpg,4096,6144,25.166,7955295,JPEG,RGB,True,daf6290404fdec036d90c8b4d02a9f9eec3ceefad4f8a29c0c642c9c650af40f
10,116,color,card-116.jpg,4096,6144,25.166,5821868,JPEG,RGB,True,0529374ce1ad7dc6d2f4f2b8959098b91d3803cc7b853eaef83c44f338906572
10,116,mono,card-116--mono_deck.jpg,4096,6144,25.166,4651269,JPEG,RGB,True,414da91e5fd126ee57dc232c575bd46a2324ad14bc6c16c42d24da1feeefadc3
10,117,color,card-117.jpg,4096,6144,25.166,6140854,JPEG,RGB,True,d333e6d9223c0d375f2c82934cdf3af5686ea7b692351db9e123a8e52d82a474
10,117,mono,card-117--mono_deck.jpg,4096,6144,25.166,6150833,JPEG,RGB,True,a7b1d7f37c0ae0cfe85a54e2ed6aa7264804f97a0e877b3b23c781fe9a083b4d
10,118,color,card-118.jpg,4096,6144,25.166,4918872,JPEG,RGB,True,7482a68b83b40dfcc8078725248a4530d849fc6903701787159fb28786084423
10,118,mono,card-118--mono_deck.jpg,4096,6144,25.166,4974598,JPEG,RGB,True,5e28d95f4a7aaa85f9f20371fd1800d0c1d3eb5bc8bd4924446e1659326e78e3
10,119,color,card-119.jpg,4096,6144,25.166,5357258,JPEG,RGB,True,60865bcee75ba85c58c934f9b15232f8a087c591b3d5c192b0fa9421e727e352
10,119,mono,card-119--mono_deck.jpg,4096,6144,25.166,7461580,JPEG,RGB,True,a457b6ac6dbcc05d8b0960533ccf5467beeb7fc847c74f132e532de71e376acc
10,120,color,card-120.jpg,4096,6144,25.166,5696749,JPEG,RGB,True,5924b279ce1b9428d6d58a15f9eb5e176a608d428d4d15c7dac758adf7667d08
10,120,mono,card-120--mono_deck.jpg,4096,6144,25.166,7844985,JPEG,RGB,True,13da8de05778e448f30ad3c0af01ddf34d75a663f1755a063540808a12ca8e9a
11,121,color,card-121.jpg,4096,6144,25.166,5973765,JPEG,RGB,True,f9d6c674698f43978e172c10ec265ff85c27567d4e3bad041585d864b8b294a3
11,121,mono,card-121--mono_deck.jpg,4096,6144,25.166,5628188,JPEG,RGB,True,84278b95c437095d39207eaf5ea00d8f813ae0f7acbcb070dd963197eb5ca38d
11,122,color,card-122.jpg,4096,6144,25.166,6665582,JPEG,RGB,True,906e3bed0738dd02cfaa8b2a4311277769e8504d87a01319498beb9e1ec09f6f
11,122,mono,card-122--mono_deck.jpg,4096,6144,25.166,6998058,JPEG,RGB,True,83d016e05f902aebf5eab383e5b59cec5fb28a1507387109110e1679ae166f3b
11,123,color,card-123.jpg,4096,6144,25.166,6637554,JPEG,RGB,True,11b7c3189fc2a2f358a1d422b491eed72659159a2a2cee9881fadca600e52d9a
11,123,mono,card-123--mono_deck.jpg,4096,6144,25.166,7983887,JPEG,RGB,True,4f4f7bdca6f52cbf8381d996f1d01a51edbd69b6e0017c602a89b20ba6052ec0
11,124,color,card-124.jpg,4096,6144,25.166,6078392,JPEG,RGB,True,ee5e2c8a7ac027554329b93d5118b0abf8c7c0d9853334bda2ae95b897020076
11,124,mono,card-124--mono_deck.jpg,4096,6144,25.166,5152795,JPEG,RGB,True,dc0d01d2c77242139c56af4976351f372d761e267c932c24a2c0ee54ebf5cd41
11,125,color,card-125.jpg,4096,6144,25.166,5772093,JPEG,RGB,True,675fcb2b44af28b4f862b1397a198f1f3c3385a74f27a5de9c98513ea3614155
11,125,mono,card-125--mono_deck.jpg,4096,6144,25.166,8686651,JPEG,RGB,True,8b06e87f4e40580094446947734cd651cb50ed3e0b31cde67aa5159b6aba4194
11,126,color,card-126.jpg,4096,6144,25.166,6863283,JPEG,RGB,True,7002fdcbd6ab650cbe099b5fcf845045c7d125a64006c3ebbb70cd971e1d32e3
11,126,mono,card-126--mono_deck.jpg,4096,6144,25.166,6626519,JPEG,RGB,True,5a78845b34c76a71ca38bf4da2491ca6152302b464f200ebc1acf3844826700b
11,127,color,card-127.jpg,4096,6144,25.166,5894498,JPEG,RGB,True,f9c0d76432f6e6a0e8d272e115d82e885513a86438adf124a7135fa2499f0cf4
11,127,mono,card-127--mono_deck.jpg,4096,6144,25.166,6266624,JPEG,RGB,True,a55e356130004678e0ac9c49714d1d3a32bed6a0f92d7836f63609072c389811
11,128,color,card-128.jpg,4096,6144,25.166,4954322,JPEG,RGB,True,0821d5ec884ed02382dc98764c110195b887a78a4712db6e1d2a56769acddc8a
11,128,mono,card-128--mono_deck.jpg,4096,6144,25.166,6386651,JPEG,RGB,True,a9c13c38913e45d80025b19dc4a8f19dbce8c83fe65a08ca7a13b4fb39102a64
11,129,color,card-129.jpg,4096,6144,25.166,6847753,JPEG,RGB,True,29e70f340512c8eb7d32495f75547088039b0276cb5983c40880008286423983
11,129,mono,card-129--mono_deck.jpg,4096,6144,25.166,8346476,JPEG,RGB,True,6dc900bf6ea99a0a6bda22bd1d38eb65421bf5ae3eb1e0f3414701a3a6644014
11,130,color,card-130.jpg,4096,6144,25.166,6084673,JPEG,RGB,True,403b70a9fceefdb45faa166a0050bf884a666d75b812889f055ccd81663d2906
11,130,mono,card-130--mono_deck.jpg,4096,6144,25.166,7595348,JPEG,RGB,True,77849d73b0cac7d14d2000d5a3399b27aa228224f3f5daf65bc22bc39fe044a9
11,131,color,card-131.jpg,4096,6144,25.166,5701349,JPEG,RGB,True,e570f8feea51da1ce44e7617ec3d67f525d59d39946ab9020a0ee273f5b4fcec
11,131,mono,card-131--mono_deck.jpg,4096,6144,25.166,6452554,JPEG,RGB,True,4bd11cde242f2e663a83847b541ecc1a6eff1bd7febb7cd1e54222a1a91f0b93
11,132,color,card-132.jpg,4096,6144,25.166,5775359,JPEG,RGB,True,996a8a30aa32bddd518572cebad3b7c41bd7ce8fc55c1d1a8bff8188df7e6f6d
11,132,mono,card-132--mono_deck.jpg,4096,6144,25.166,6061178,JPEG,RGB,True,c291013ffa2e7001c1094eb45748637f603cd404e9e1f9e2cd7ed79fdc7af0ce
12,133,color,card-133.jpg,4096,6144,25.166,7058925,JPEG,RGB,True,0ba0864105ec614e248e7f6003332dec2232e252813de7ae34a8f1db8f950bfe
12,133,mono,card-133--mono_deck.jpg,4096,6144,25.166,4478695,JPEG,RGB,True,1eb1c793eea2c068c72b970ec27ddac82b73c27bbb7ab0f43d1568a9efb7085e
12,134,color,card-134.jpg,4096,6144,25.166,6038905,JPEG,RGB,True,f48d3b719a84f3535ba71e92b7f0f61107ea8999dfc597b5182ec6c8759ce945
12,134,mono,card-134--mono_deck.jpg,4096,6144,25.166,6684362,JPEG,RGB,True,43226c6ee6977a87dba32bfdf099eec93ad9546fb9fc807be1dabdb51583a4cf
12,135,color,card-135.jpg,4096,6144,25.166,7487035,JPEG,RGB,True,18f2f8b210a5a7406a9458285922566f2c419f77c08501d08235567f1c747d73
12,135,mono,card-135--mono_deck.jpg,4096,6144,25.166,6324340,JPEG,RGB,True,ba771b9c6dc1019fa0cb0d05fd707fea117275437bb98a251ed7eab971876730
12,136,color,card-136.jpg,4096,6144,25.166,6094884,JPEG,RGB,True,4f78690fff8cd80a9ba320035e0d411ac2f2a0f287544021c3c641743d49cb81
12,136,mono,card-136--mono_deck.jpg,4096,6144,25.166,6801715,JPEG,RGB,True,7937e285d3ee6d37687bde6576ce91f6fb8b565f047f4366e440df8382bd9d04
12,137,color,card-137.jpg,4096,6144,25.166,6344172,JPEG,RGB,True,884fbec49912bec520d98dc49e4d8ccf6b419f929cb216ce554c723a5f394ca0
12,137,mono,card-137--mono_deck.jpg,4096,6144,25.166,5166531,JPEG,RGB,True,b276291780fbc7dd7456b246849db9d6fabbd7fc17b9e5e8c59fe69f2e4abffc
12,138,color,card-138.jpg,4096,6144,25.166,6349975,JPEG,RGB,True,cf30a62bb3519c81471994e27e519332c62817e9b0afa56de16faa7cc298cb24
12,138,mono,card-138--mono_deck.jpg,4096,6144,25.166,7404775,JPEG,RGB,True,31264e3f69d567d632719fc99f074652eb288afca7c548b5bd506805b72849fb
12,139,color,card-139.jpg,4096,6144,25.166,5793841,JPEG,RGB,True,49dda8098a6343501b6a7bb22c328b1668c6724d45ee53df620092b42dc6ac17
12,139,mono,card-139--mono_deck.jpg,4096,6144,25.166,6243350,JPEG,RGB,True,1bf135c666570397d7b1e94a62cb0e1347ab0d12027ebafa1db960fba0004507
12,140,color,card-140.jpg,4096,6144,25.166,5485021,JPEG,RGB,True,425da1c9517c8a71096af1aec2ad0448ef584d978105eb3dc5b5f24d43408c00
12,140,mono,card-140--mono_deck.jpg,4096,6144,25.166,3393050,JPEG,RGB,True,a4ccda8360433fd213829ae3c2931559f211dced0fa931af8ad907ad90c08fa9
12,141,color,card-141.jpg,4096,6144,25.166,6161239,JPEG,RGB,True,54f10695e41c7c2e9faf227dc868d1f407d4592a986eb25e1d41ffa61d7f1b41
12,141,mono,card-141--mono_deck.jpg,4096,6144,25.166,7693857,JPEG,RGB,True,32d58bc7671c8a1bed0adeadd9735268f2a12081b407fc46a839ca5b0adc195b
12,142,color,card-142.jpg,4096,6144,25.166,5953231,JPEG,RGB,True,5f928b71b925d0ee59e720f17f5d6f701f001b5873bf17aa36f51da430f27fa4
12,142,mono,card-142--mono_deck.jpg,4096,6144,25.166,7630062,JPEG,RGB,True,4b38449d10e5ce2be7e206c2568bf4b2fc17a010094a8b80992ae8c6e31f211f
12,143,color,card-143.jpg,4096,6144,25.166,5999784,JPEG,RGB,True,33f79832f33f458f6c732b827f4f203d78b969e0c30b4f5efe2a27e9d73b8d5e
12,143,mono,card-143--mono_deck.jpg,4096,6144,25.166,7568627,JPEG,RGB,True,3f256bbf799c83ca2f05215435734f3b6e9e9fcfdc92015501b4deb2b049f9dc
12,144,color,card-144.jpg,4096,6144,25.166,6001617,JPEG,RGB,True,4135cf578bab77da8d69eb296757653533b2d9192cc39d8add3f2156e43a7436
12,144,mono,card-144--mono_deck.jpg,4096,6144,25.166,4793071,JPEG,RGB,True,38e85aa2848b035057253011e60cf56494d90a3c03075f214e85a6d91a8d7e42
